{
    "638f2883ebc87": {
        "name": "Damion Langworth III",
        "job": "Coroner",
        "email": "velda.grimes@wilkinson.com",
        "phone": "+13173832638",
        "id": "638f2883ebc87"
    },
    "638f2883ebcdb": {
        "name": "Prof. Macy Keeling",
        "job": "Prepress Technician",
        "email": "kaela.feeney@brekke.com",
        "phone": "+18284952289",
        "id": "638f2883ebcdb"
    },
    "638f2883ebd19": {
        "name": "Norval Gutmann I",
        "job": "Record Clerk",
        "email": "gjenkins@wyman.com",
        "phone": "+13037940248",
        "id": "638f2883ebd19"
    },
    "638f2883ebd57": {
        "name": "Jadyn Schowalter",
        "job": "Funeral Attendant",
        "email": "lily.skiles@gmail.com",
        "phone": "+16185218050",
        "id": "638f2883ebd57"
    },
    "638f2883ebd93": {
        "name": "Luella Volkman",
        "job": "Mental Health Counselor",
        "email": "amir82@lubowitz.com",
        "phone": "+15612739082",
        "id": "638f2883ebd93"
    },
    "638f2883ebdce": {
        "name": "Jolie West",
        "job": "Excavating Machine Operator",
        "email": "jason09@hagenes.com",
        "phone": "+18456575984",
        "id": "638f2883ebdce"
    },
    "638f2883ebe04": {
        "name": "Karson Gutkowski",
        "job": "Benefits Specialist",
        "email": "edison77@hotmail.com",
        "phone": "+13514738939",
        "id": "638f2883ebe04"
    },
    "638f2883ebe37": {
        "name": "Jacynthe Powlowski",
        "job": "Machinery Maintenance",
        "email": "rippin.cristal@yahoo.com",
        "phone": "+14585278825",
        "id": "638f2883ebe37"
    },
    "638f2883ebe70": {
        "name": "Mrs. Itzel Glover",
        "job": "Manager of Food Preparation",
        "email": "esperanza39@yahoo.com",
        "phone": "+16406474640",
        "id": "638f2883ebe70"
    },
    "638f2883ebeac": {
        "name": "Prof. Adonis Schmidt III",
        "job": "Machine Operator",
        "email": "malcolm68@gmail.com",
        "phone": "+18598324659",
        "id": "638f2883ebeac"
    }
}